{"36": {"count": 932, "amt": 12138347925.61, "avg": 13023978.460954936, "apm": 1085331.5384129114, "id": "36", "name": "\u0412\u043b\u0430\u0434\u0438\u043c\u0438\u0440\u0441\u043a\u0430\u044f \u043e\u0431\u043b\u0430\u0441\u0442\u044c"}, "89": {"count": 1119, "amt": 13113961278.02, "avg": 11719357.710473638, "apm": 976613.1425394699, "id": "89", "name": "\u0427\u0435\u043b\u044f\u0431\u0438\u043d\u0441\u043a\u0430\u044f \u043e\u0431\u043b\u0430\u0441\u0442\u044c"}, "84": {"count": 731, "amt": 8046816987.96, "avg": 11007957.575868674, "apm": 917329.7979890561, "id": "84", "name": "\u0422\u0443\u043b\u044c\u0441\u043a\u0430\u044f \u043e\u0431\u043b\u0430\u0441\u0442\u044c"}, "58": {"count": 348, "amt": 3625041949.72, "avg": 10416787.21183908, "apm": 868065.60098659, "id": "58", "name": "\u041c\u0430\u0433\u0430\u0434\u0430\u043d\u0441\u043a\u0430\u044f \u043e\u0431\u043b\u0430\u0441\u0442\u044c"}, "98": {"count": 529, "amt": 4878386392.07, "avg": 9221902.44247637, "apm": 768491.8702063641, "id": "98", "name": "\u041a\u0443\u0440\u0433\u0430\u043d\u0441\u043a\u0430\u044f \u043e\u0431\u043b\u0430\u0441\u0442\u044c"}, "18": {"count": 1175, "amt": 10164079507.56, "avg": 8650280.431965956, "apm": 720856.7026638297, "id": "18", "name": "\u0420\u0435\u0441\u043f\u0443\u0431\u043b\u0438\u043a\u0430 \u0422\u0430\u0442\u0430\u0440\u0441\u0442\u0430\u043d"}, "62": {"count": 984, "amt": 8252051917.56, "avg": 8386231.623536586, "apm": 698852.6352947155, "id": "62", "name": "\u0420\u0435\u0441\u043f\u0443\u0431\u043b\u0438\u043a\u0430 \u041c\u043e\u0440\u0434\u043e\u0432\u0438\u044f"}, "48": {"count": 407, "amt": 3067454387.22, "avg": 7536742.966142505, "apm": 628061.9138452088, "id": "48", "name": "\u041a\u0430\u043c\u0447\u0430\u0442\u0441\u043a\u0438\u0439 \u043a\u0440\u0430\u0439"}, "104": {"count": 413, "amt": 3080226659.29, "avg": 7458175.930484261, "apm": 621514.6608736884, "id": "104", "name": "\u042f\u043c\u0430\u043b\u043e-\u041d\u0435\u043d\u0435\u0446\u043a\u0438\u0439 \u0430\u0432\u0442\u043e\u043d\u043e\u043c\u043d\u044b\u0439 \u043e\u043a\u0440\u0443\u0433"}, "56": {"count": 300, "amt": 1890229794.89, "avg": 6300765.982966667, "apm": 525063.8319138889, "id": "56", "name": "\u041b\u0435\u043d\u0438\u043d\u0433\u0440\u0430\u0434\u0441\u043a\u0430\u044f \u043e\u0431\u043b\u0430\u0441\u0442\u044c"}, "86": {"count": 725, "amt": 4240001956.73, "avg": 5848278.561006896, "apm": 487356.54675057466, "id": "86", "name": "\u0422\u044e\u043c\u0435\u043d\u0441\u043a\u0430\u044f \u043e\u0431\u043b\u0430\u0441\u0442\u044c"}, "96": {"count": 681, "amt": 3796952045.24, "avg": 5575553.664082232, "apm": 464629.4720068527, "id": "96", "name": "\u0411\u0435\u043b\u0433\u043e\u0440\u043e\u0434\u0441\u043a\u0430\u044f \u043e\u0431\u043b\u0430\u0441\u0442\u044c"}, "35": {"count": 736, "amt": 3878108328.76, "avg": 5269168.9249456525, "apm": 439097.4104121377, "id": "35", "name": "\u0411\u0440\u044f\u043d\u0441\u043a\u0430\u044f \u043e\u0431\u043b\u0430\u0441\u0442\u044c"}, "noregion": {"amt": 471277021530.6736, "count": 91035, "avg": 5176877.261829775, "apm": 431406.43848581455, "id": "0", "name": "\u041e\u0440\u0433\u0430\u043d \u0431\u0435\u0437 \u0440\u0435\u0433\u0438\u043e\u043d\u0430\u043b\u044c\u043d\u043e\u0439 \u0441\u0442\u0440\u0443\u043a\u0442\u0443\u0440\u044b"}, "74": {"count": 1038, "amt": 5213845291.27, "avg": 5022972.34226397, "apm": 418581.02852199745, "id": "74", "name": "\u041f\u0440\u0438\u043c\u043e\u0440\u0441\u043a\u0438\u0439 \u043a\u0440\u0430\u0439"}, "11": {"count": 333, "amt": 1529331286.13, "avg": 4592586.444834835, "apm": 382715.5370695696, "id": "11", "name": "\u041a\u0430\u0440\u0430\u0447\u0430\u0435\u0432\u043e-\u0427\u0435\u0440\u043a\u0435\u0441\u0441\u043a\u0430\u044f \u0440\u0435\u0441\u043f\u0443\u0431\u043b\u0438\u043a\u0430"}, "45": {"count": 1147, "amt": 5135225147.95, "avg": 4477092.543984307, "apm": 373091.04533202556, "id": "45", "name": "\u0418\u0440\u043a\u0443\u0442\u0441\u043a\u0430\u044f \u043e\u0431\u043b\u0430\u0441\u0442\u044c"}, "95": {"count": 177, "amt": 768446841.76, "avg": 4341507.580564972, "apm": 361792.2983804143, "id": "95", "name": "\u0427\u0443\u043a\u043e\u0442\u0441\u043a\u0438\u0439 \u0430\u0432\u0442\u043e\u043d\u043e\u043c\u043d\u044b\u0439 \u043e\u043a\u0440\u0443\u0433"}, "65": {"count": 548, "amt": 2338760503.77, "avg": 4267811.138266424, "apm": 355650.9281888686, "id": "65", "name": "\u041c\u0443\u0440\u043c\u0430\u043d\u0441\u043a\u0430\u044f \u043e\u0431\u043b\u0430\u0441\u0442\u044c"}, "108": {"count": 511, "amt": 2100104115.86, "avg": 4109792.790332681, "apm": 342482.7325277234, "id": "108", "name": "\u0425\u0430\u043d\u0442\u044b-\u041c\u0430\u043d\u0441\u0438\u0439\u0441\u043a\u0438\u0439 \u0430\u0432\u0442\u043e\u043d\u043e\u043c\u043d\u044b\u0439 \u043e\u043a\u0440\u0443\u0433 \u2014 \u042e\u0433\u0440\u0430"}, "55": {"count": 494, "amt": 2024848794.08, "avg": 4098884.19854251, "apm": 341573.68321187585, "id": "55", "name": "\u041a\u0443\u0440\u0441\u043a\u0430\u044f \u043e\u0431\u043b\u0430\u0441\u0442\u044c"}, "106": {"count": 1005, "amt": 4020498014.13, "avg": 4000495.536447761, "apm": 333374.6280373134, "id": "106", "name": "\u0422\u043e\u043c\u0441\u043a\u0430\u044f \u043e\u0431\u043b\u0430\u0441\u0442\u044c"}, "94": {"count": 504, "amt": 1996890808.19, "avg": 3962084.9368849206, "apm": 330173.74474041007, "id": "94", "name": "\u0421\u0430\u0445\u0430\u043b\u0438\u043d\u0441\u043a\u0430\u044f \u043e\u0431\u043b\u0430\u0441\u0442\u044c"}, "64": {"count": 1629, "amt": 6331640260.42, "avg": 3886826.4336525477, "apm": 323902.202804379, "id": "64", "name": "\u041c\u043e\u0441\u043a\u043e\u0432\u0441\u043a\u0430\u044f \u043e\u0431\u043b\u0430\u0441\u0442\u044c"}, "77": {"count": 978, "amt": 3609850376.02, "avg": 3691053.5542126787, "apm": 307587.7961843899, "id": "77", "name": "\u0421\u0430\u043c\u0430\u0440\u0441\u043a\u0430\u044f \u043e\u0431\u043b\u0430\u0441\u0442\u044c"}, "92": {"count": 692, "amt": 2501100153.09, "avg": 3614306.5796098267, "apm": 301192.2149674856, "id": "92", "name": "\u0420\u0435\u0441\u043f\u0443\u0431\u043b\u0438\u043a\u0430 \u0421\u0430\u0445\u0430 (\u042f\u043a\u0443\u0442\u0438\u044f)"}, "43": {"count": 705, "amt": 2545858340.71, "avg": 3611146.582567376, "apm": 300928.8818806147, "id": "43", "name": "\u0412\u043e\u0440\u043e\u043d\u0435\u0436\u0441\u043a\u0430\u044f \u043e\u0431\u043b\u0430\u0441\u0442\u044c"}, "102": {"count": 129, "amt": 463534816.6, "avg": 3593293.151937985, "apm": 299441.09599483205, "id": "102", "name": "\u041d\u0435\u043d\u0435\u0446\u043a\u0438\u0439 \u0430\u0432\u0442\u043e\u043d\u043e\u043c\u043d\u044b\u0439 \u043e\u043a\u0440\u0443\u0433"}, "29": {"count": 1460, "amt": 4900521376.4, "avg": 3356521.490684931, "apm": 279710.12422374426, "id": "29", "name": "\u041f\u0435\u0440\u043c\u0441\u043a\u0438\u0439 \u043a\u0440\u0430\u0439"}, "37": {"count": 1015, "amt": 3322621494.16, "avg": 3273518.713458128, "apm": 272793.22612151067, "id": "37", "name": "\u0410\u0440\u0445\u0430\u043d\u0433\u0435\u043b\u044c\u0441\u043a\u0430\u044f \u043e\u0431\u043b\u0430\u0441\u0442\u044c"}, "20": {"count": 1056, "amt": 3408445061.01, "avg": 3227694.1865625004, "apm": 268974.515546875, "id": "20", "name": "\u0423\u0434\u043c\u0443\u0440\u0442\u0441\u043a\u0430\u044f \u0440\u0435\u0441\u043f\u0443\u0431\u043b\u0438\u043a\u0430"}, "57": {"count": 631, "amt": 1944883656.25, "avg": 3082224.4948494453, "apm": 256852.04123745378, "id": "57", "name": "\u041b\u0438\u043f\u0435\u0446\u043a\u0430\u044f \u043e\u0431\u043b\u0430\u0441\u0442\u044c"}, "12": {"count": 603, "amt": 1781510000.84, "avg": 2954411.278341625, "apm": 246200.93986180206, "id": "12", "name": "\u0420\u0435\u0441\u043f\u0443\u0431\u043b\u0438\u043a\u0430 \u041a\u0430\u0440\u0435\u043b\u0438\u044f"}, "105": {"count": 798, "amt": 2328899180.71, "avg": 2918420.025952381, "apm": 243201.66882936508, "id": "105",